{"Epoch": 12, "Train Loss": 0.27983130676410517, "Train Acc": 0.8831845687842947, "_timestamp": 1697786714.8785472, "_runtime": 173172.041544199, "_step": 62}