{"Test Accuracy": 80.3936364208011, "_timestamp": 1684156662.1507862, "_runtime": 1.6929142475128174, "_step": 0, "_wandb": {"runtime": 0}}