{"Test Accuracy": 80.3936364208011, "_timestamp": 1684156722.6674163, "_runtime": 1.9981763362884521, "_step": 0, "_wandb": {"runtime": 0}}