{"Epoch": 24, "Train Loss": 0.26299827954798954, "Train Acc": 0.8900925194104793, "Valid Loss": 0.37629342915299085, "Valid Acc": 0.8375306289136946, "_timestamp": 1689857188.2935462, "_runtime": 61423.235275268555, "_step": 24, "_wandb": {"runtime": 61422}}