{"Test Accuracy": 80.3936364208011, "_timestamp": 1684156230.69533, "_runtime": 1.6225519180297852, "_step": 0, "_wandb": {"runtime": 0}}