{"Epoch": 8, "Train Loss": 0.34338733982444614, "Train Acc": 0.8536194151285508, "Valid Loss": 0.9094788144078139, "Valid Acc": 0.6643751701606316, "_timestamp": 1690219495.3207378, "_runtime": 24046.273406744003, "_step": 8}