{"Epoch": 2, "Train Loss": 0.17580674712196304, "Train Acc": 0.9278183591234429, "Valid Loss": 1.603465032414864, "Valid Acc": 0.6274019329164298, "_timestamp": 1691528367.2481716, "_runtime": 5472.110694646835, "_step": 2}