{"Epoch": 24, "Train Loss": 0.2679425659445644, "Train Acc": 0.8888566026624514, "Valid Loss": 0.6801209761016933, "Valid Acc": 0.6578410019057991, "_timestamp": 1690179378.576662, "_runtime": 71049.48436999321, "_step": 24, "_wandb": {"runtime": 71048}}