{"Epoch": 2, "Train Loss": 25.099722588276773, "Train Acc": 0.824275109644025, "Valid Loss": 0.48154400276482157, "Valid Acc": 0.789545330792268, "_timestamp": 1690019764.0844855, "_runtime": 7305.968291521072, "_step": 2, "_wandb": {"runtime": 7344}}