{"Epoch": 4, "Train Loss": 0.6456476299862525, "Train Acc": 0.6521727338943387, "Valid Loss": 0.6771069990008006, "Valid Acc": 0.602266539613395, "_timestamp": 1690194215.8513467, "_runtime": 13261.644958734512, "_step": 4}