{"Epoch": 0, "Train Loss": 5.927386922047967, "Train Acc": 0.5694554217614332, "Valid Loss": 4.122557750035138, "Valid Acc": 0.602266539613395, "_timestamp": 1683167515.6636443, "_runtime": 35798.9014852047, "_step": 0, "_wandb": {"runtime": 55066}}