{"Epoch": 22, "Train Loss": 0.7430857435984893, "Train Acc": 0.9283633207804485, "Valid Loss": 0.4372137314818745, "Valid Acc": 0.8249047100462837, "_timestamp": 1689757559.228163, "_runtime": 56985.919828891754, "_step": 22}