{"Epoch": 24, "Train Loss": 0.253746162792118, "Train Acc": 0.9025524199172439, "Valid Loss": 1.3166511125179003, "Valid Acc": 0.6748910971957528, "_timestamp": 1691199958.9577591, "_runtime": 64071.87093615532, "_step": 24, "_wandb": {"runtime": 64071}}