{"Epoch": 9, "Train Loss": 0.782266229244689, "Train Acc": 0.9397577758147752, "Valid Loss": 0.46638767879680426, "Valid Acc": 0.8258746256466104, "_timestamp": 1689712936.0055358, "_runtime": 25431.604032754898, "_step": 9}