{"Epoch": 0, "Train Loss": 0.43107685757246444, "Train Acc": 0.808374788848079, "Valid Loss": 0.5084191946885321, "Valid Acc": 0.7689899264906072, "_timestamp": 1689933959.9348047, "_runtime": 1814.5668256282806, "_step": 0}