{"Test Accuracy": 80.3936364208011, "_timestamp": 1684156066.7776299, "_runtime": 1.5227267742156982, "_step": 0, "_wandb": {"runtime": 0}}