{"Epoch": 24, "Train Loss": 0.2675974128614944, "Train Acc": 0.8885311574999613, "Valid Loss": 0.37391744033131, "Valid Acc": 0.8369861148924586, "_timestamp": 1689771640.1724367, "_runtime": 56683.017174720764, "_step": 24, "_wandb": {"runtime": 56682}}