{"Epoch": 1, "Train Loss": 0.45867220808704384, "Train Acc": 0.7956010662203419, "Valid Loss": 0.5035343715744061, "Valid Acc": 0.7673393683637354, "_timestamp": 1683224380.6465666, "_runtime": 26290.989652633667, "_step": 1}