{"Epoch": 24, "Train Loss": 0.6796925294567934, "Train Acc": 0.596232988034125, "Valid Loss": 0.6973427367454365, "Valid Acc": 0.6049175667993177, "_timestamp": 1691477853.1457822, "_runtime": 39059.971170187, "_step": 24, "_wandb": {"runtime": 39059}}