{"Epoch": 5, "Train Loss": 0.3038427576385512, "Train Acc": 0.8723325119717327, "Valid Loss": 0.38458181701026495, "Valid Acc": 0.8323917778382793, "_timestamp": 1689948154.7237878, "_runtime": 14076.058557748795, "_step": 5, "_wandb": {"runtime": 14558}}