{"Epoch": 3, "Train Loss": 0.31413865586191153, "Train Acc": 0.8671563841492708, "Valid Loss": 0.3893519953935892, "Valid Acc": 0.8297032398584264, "_timestamp": 1689943319.0641997, "_runtime": 9240.398969650269, "_step": 3}