{"Epoch": 24, "Train Loss": 0.6754740989272489, "Train Acc": 0.5630585046029672, "Valid Loss": 0.6782760245411013, "Valid Acc": 0.5480386583285958, "_timestamp": 1691565455.763873, "_runtime": 36260.03545713425, "_step": 24, "_wandb": {"runtime": 36259}}