{"Epoch": 24, "Train Loss": 0.261686433088937, "Train Acc": 0.8910107396903622, "Valid Loss": 0.37368491287942873, "Valid Acc": 0.8376667574190035, "_timestamp": 1689913965.0345166, "_runtime": 68437.15339946747, "_step": 24, "_wandb": {"runtime": 68436}}