{"Epoch": 6, "Train Loss": 0.2974626263446392, "Train Acc": 0.8744246594448835, "Valid Loss": 0.39273527023612465, "Valid Acc": 0.8290736455213722, "_timestamp": 1689865522.2490342, "_runtime": 19994.367917060852, "_step": 6}