{"Epoch": 12, "Train Loss": 0.27961851109065705, "Train Acc": 0.8827932493374866, "Valid Loss": 0.37563428101392266, "Valid Acc": 0.8364416008712224, "_timestamp": 1689885500.164448, "_runtime": 39972.28333091736, "_step": 12}