{"Epoch": 0, "Train Loss": NaN, "Train Acc": 0.34781564306414364, "Valid Loss": NaN, "Valid Acc": 0.39773346038660495, "_timestamp": 1689928824.3886504, "_runtime": 2448.6169724464417, "_step": 0}