{"Epoch": 24, "Train Loss": 0.7259447154915719, "Train Acc": 0.9213197576208408, "Valid Loss": 0.4178920058392063, "Valid Acc": 0.8268275251837734, "_timestamp": 1690079112.8982108, "_runtime": 66377.44285774231, "_step": 24, "_wandb": {"runtime": 66376}}