{"Epoch": 4, "Train Loss": 3.6461871163324493, "Train Acc": 0.5806135416182373, "Valid Loss": 10.095146729645599, "Valid Acc": 0.39773346038660495, "_timestamp": 1690035451.5835187, "_runtime": 12709.722212791443, "_step": 4, "_wandb": {"runtime": 14664}}