{"Epoch": 31, "Train Loss": 0.8941067075796617, "Train Acc": 0.5682040076247152, "Valid Loss": 0.9287536457777348, "Valid Acc": 0.4590423359651511, "_timestamp": 1691047186.2614849, "_runtime": 81116.2705988884, "_step": 31}