{"Epoch": 1, "Train Loss": 0.5085014641316811, "Train Acc": 0.7907038913943001, "Valid Loss": 0.593614173654478, "Valid Acc": 0.760294718213994, "_timestamp": 1684981663.3291328, "_runtime": 60763.96129179001, "_step": 1}