{"Epoch": 24, "Train Loss": 0.19542833052774533, "Train Acc": 0.9205448881863405, "Valid Loss": 0.5144949949732146, "Valid Acc": 0.7806289136945277, "_timestamp": 1690106614.1058872, "_runtime": 64979.33323311806, "_step": 24, "_wandb": {"runtime": 64978}}