{"Epoch": 14, "Train Loss": 0.15692932002037485, "Train Acc": 0.9417834890965732, "Valid Loss": 3.787509754546995, "Valid Acc": 0.1556736480150047, "_timestamp": 1683034939.5619273, "_runtime": 4510.531350374222, "_step": 14, "_wandb": {"runtime": 4498}}