{"Epoch": 24, "Train Loss": 0.21910859159023147, "Train Acc": 0.9109481302400545, "Valid Loss": 0.338119842028897, "Valid Acc": 0.8608256193846991, "_timestamp": 1690295525.0382886, "_runtime": 71266.14696264267, "_step": 24, "_wandb": {"runtime": 71265}}