{"Epoch": 2, "Train Loss": 0.37784315439913824, "Train Acc": 0.8360531250484293, "Valid Loss": 0.49773857814558775, "Valid Acc": 0.7770385243670025, "_timestamp": 1689942727.2462876, "_runtime": 7241.658777475357, "_step": 2}