{"Epoch": 24, "Train Loss": 0.29978643437955427, "Train Acc": 0.8741340834069459, "Valid Loss": 0.4381519513975006, "Valid Acc": 0.8044003539341138, "_timestamp": 1690002029.7176647, "_runtime": 66544.13015460968, "_step": 24, "_wandb": {"runtime": 66543}}