{"Epoch": 8, "Train Loss": 0.42974816527805515, "Train Acc": 0.8117183504579478, "Valid Loss": 0.5091297606210633, "Valid Acc": 0.7675435611216989, "_timestamp": 1683524419.8144298, "_runtime": 141836.13185286522, "_step": 8}