{"Epoch": 24, "Train Loss": 0.6866707353106972, "Train Acc": 0.5559317252080688, "Valid Loss": 0.6943579196929932, "Valid Acc": 0.5298465036952814, "_timestamp": 1691514722.0513787, "_runtime": 36215.103348731995, "_step": 24, "_wandb": {"runtime": 36214}}