{"Epoch": 3, "Train Loss": 0.47359041138126284, "Train Acc": 0.8335193019976134, "Valid Loss": 0.5025425605899854, "Valid Acc": 0.801796896270079, "_timestamp": 1684115732.4049826, "_runtime": 234233.79682159424, "_step": 3, "_wandb": {"runtime": 257027}}