{"Epoch": 3, "Train Loss": 0.44654581862214104, "Train Acc": 0.8036093418259024, "Valid Loss": 0.5212421035477747, "Valid Acc": 0.7665906615845358, "_timestamp": 1683361872.110087, "_runtime": 62870.421697854996, "_step": 3, "_wandb": {"runtime": 74064}}