{"Epoch": 24, "Train Loss": 0.17384789442115245, "Train Acc": 0.9294752584189564, "Valid Loss": 0.45606567077145993, "Valid Acc": 0.8159032126327254, "_timestamp": 1690012000.7089064, "_runtime": 63093.765080451965, "_step": 24, "_wandb": {"runtime": 63092}}