{"Epoch": 9, "Train Loss": 0.42722136462189425, "Train Acc": 0.8129232724285957, "Valid Loss": 0.5125015398932191, "Valid Acc": 0.7667267900898448, "_timestamp": 1683696065.298856, "_runtime": 156658.9311311245, "_step": 9, "_wandb": {"runtime": 156657}}