{"Epoch": 5, "Train Loss": 0.4407949543735285, "Train Acc": 0.8058099710198832, "Valid Loss": 0.4964972711570121, "Valid Acc": 0.7697046011434795, "_timestamp": 1683633367.40658, "_runtime": 93961.03885507584, "_step": 5}