{"Epoch": 33, "Train Loss": 0.167047855755848, "Train Acc": 0.9338106529049854, "Valid Loss": 2.378022492345724, "Valid Acc": 0.6349033487612307, "_timestamp": 1691134161.5853806, "_runtime": 85552.21132063866, "_step": 33}