{"Epoch": 14, "Train Loss": 5.905304883128014, "Train Acc": 0.5465342679127726, "Valid Loss": 2.475193065119818, "Valid Acc": 0.14660831509846828, "_timestamp": 1683068571.2778008, "_runtime": 12994.40689086914, "_step": 14, "_wandb": {"runtime": 44723}}